,cbBTC_USD,WBTC_USD,arc_USD,Anon_USD,BILLY_USD,VIRTUAL_USD
cbBTC_USD,1.0,0.9998695078137418,0.18995531824867004,0.06476983445820336,0.6198416480095764,0.43307823999491546
WBTC_USD,0.9998695078137418,1.0,0.18452283875737052,0.055876965865598656,0.6199047419053181,0.4255034418570044
arc_USD,0.18995531824867004,0.18452283875737052,1.0,0.5562904379730286,0.2995939986527795,0.8497442916302986
Anon_USD,0.06476983445820336,0.055876965865598656,0.5562904379730286,1.0,0.02650572333918523,0.5667927254263125
BILLY_USD,0.6198416480095764,0.6199047419053181,0.2995939986527795,0.02650572333918523,1.0,0.45461009891695936
VIRTUAL_USD,0.43307823999491546,0.4255034418570044,0.8497442916302986,0.5667927254263125,0.45461009891695936,1.0
